{
  "best_metric": null,
  "best_model_checkpoint": null,
  "epoch": 1.0,
  "eval_steps": 10,
  "global_step": 25,
  "is_hyper_param_search": false,
  "is_local_process_zero": true,
  "is_world_process_zero": true,
  "log_history": [
    {
      "epoch": 0.2,
      "grad_norm": 20.625629425048828,
      "learning_rate": 2.5e-06,
      "loss": 3.0161,
      "step": 5
    },
    {
      "epoch": 0.4,
      "grad_norm": 47.53916549682617,
      "learning_rate": 5e-06,
      "loss": 3.1214,
      "step": 10
    },
    {
      "epoch": 0.4,
      "eval_loss": 2.4519104957580566,
      "eval_runtime": 1.1418,
      "eval_samples_per_second": 17.516,
      "eval_steps_per_second": 2.627,
      "step": 10
    },
    {
      "epoch": 0.6,
      "grad_norm": 21.91031265258789,
      "learning_rate": 7.5e-06,
      "loss": 3.2278,
      "step": 15
    },
    {
      "epoch": 0.8,
      "grad_norm": 32.93315124511719,
      "learning_rate": 1e-05,
      "loss": 3.2444,
      "step": 20
    },
    {
      "epoch": 0.8,
      "eval_loss": 2.3429298400878906,
      "eval_runtime": 1.1727,
      "eval_samples_per_second": 17.054,
      "eval_steps_per_second": 2.558,
      "step": 20
    },
    {
      "epoch": 1.0,
      "grad_norm": 15.603494644165039,
      "learning_rate": 1.25e-05,
      "loss": 3.2355,
      "step": 25
    }
  ],
  "logging_steps": 5,
  "max_steps": 25,
  "num_input_tokens_seen": 0,
  "num_train_epochs": 1,
  "save_steps": 500,
  "stateful_callbacks": {
    "TrainerControl": {
      "args": {
        "should_epoch_stop": false,
        "should_evaluate": false,
        "should_log": false,
        "should_save": true,
        "should_training_stop": true
      },
      "attributes": {}
    }
  },
  "total_flos": 38767921471488.0,
  "train_batch_size": 1,
  "trial_name": null,
  "trial_params": null
}
